{
    "version": "0.2.0",
    "configurations": [
        {
            "name": "Launch Chrome",
            "request": "launch",
            "type": "chrome",
            "url": "file:///D:/Projetos/Portfólio/index.html",
            "webRoot": "D:/Projetos/Portfólio"
        },
        {
            "name": "Attach to Chrome",
            "port": 9222,
            "request": "attach",
            "type": "chrome",
            "webRoot": "D:/Projetos/Portfólio"
        },
        {
            "name": "Open Biografia html.html",
            "request": "launch",
            "type": "chrome",
            "file": "D:/Projetos/Portfólio/Biografia html.html"
        }
    ]
}
